sdk:cli:o11ySync|31.975099999457598
sdk:driver:quit|35.75510000064969
sdk:automate:hub-management|2251.313400000334
sdk:driver:pre-initialization|5.633199999108911
sdk:driver:get|7.033099999651313
sdk:setup|3864.4472999982536
sdk:cli:on-bootstrap|0.5425000004470348
sdk:o11y:sync|34.73010000027716
sdk:driver:post-initialization|8.349599998444319
sdk:automate:session-annotation|33.15
sdk:cli:o11ySync|35.063100000843406
sdk:driver:quit|38.60089999996126
sdk:automate:hub-management|2240.0800999999046
sdk:driver:pre-initialization|7.8751999996602535
sdk:driver:get|9.172800000756979
sdk:setup|3855.4654999990016
sdk:cli:on-bootstrap|0.19879999943077564
sdk:o11y:sync|37.41920000128448
sdk:driver:post-initialization|9.547300001606345
sdk:automate:session-annotation|35.9
sdk:driver:quit|878.8958999998868
sdk:automate:hub-management|2244.830500001088
sdk:driver:pre-initialization|5.158900000154972
sdk:driver:get|6.449200000613928
sdk:setup|3819.899700000882
sdk:cli:on-bootstrap|0.19189999997615814
sdk:o11y:sync|874.1852000001818
sdk:driver:post-initialization|6.641200000420213
sdk:automate:session-annotation|814.85
sdk:driver:quit|0.5120999999344349
sdk:automate:hub-management|3364.88030000031
sdk:driver:pre-initialization|8.386800000444055
sdk:driver:get|9.83449999988079
sdk:setup|5050.59480000101
sdk:cli:on-bootstrap|0.15280000120401382
sdk:cli:o11ySync|30.03340000100434
sdk:driver:quit|33.33370000123978
sdk:automate:hub-management|2427.9169999994338
sdk:driver:pre-initialization|2.050400000065565
sdk:driver:get|2.77419999986887
sdk:setup|4218.370500000194
sdk:cli:on-bootstrap|0.17339999973773956
sdk:o11y:sync|32.30269999988377
sdk:driver:post-initialization|28.047100000083447
sdk:automate:session-annotation|30.93
sdk:cli:o11ySync|43.42919999919832
sdk:driver:quit|47.1000999994576
sdk:automate:hub-management|2358.133399998769
sdk:driver:pre-initialization|2.5017000008374453
sdk:driver:get|3.6367999985814095
sdk:setup|4124.461199998856
sdk:cli:on-bootstrap|0.19320000149309635
sdk:o11y:sync|45.76950000040233
sdk:driver:post-initialization|28.321199998259544
sdk:automate:session-annotation|44.21
sdk:cli:o11ySync|35.10969999991357
sdk:driver:quit|40.919999999925494
sdk:automate:hub-management|2226.6295999996364
sdk:driver:pre-initialization|1.7470999993383884
sdk:driver:get|2.72550000064075
sdk:setup|3910.259299999103
sdk:cli:on-bootstrap|0.19189999997615814
sdk:o11y:sync|39.00260000117123
sdk:driver:post-initialization|29.975999999791384
sdk:automate:session-annotation|36.55
sdk:cli:o11ySync|37.73270000144839
sdk:driver:quit|41.558599999174476
sdk:automate:hub-management|2363.486099999398
sdk:driver:pre-initialization|1.946000000461936
sdk:driver:get|2.630000000819564
sdk:setup|3977.0644000004977
sdk:cli:on-bootstrap|0.1742000002413988
sdk:o11y:sync|40.17860000021756
sdk:driver:post-initialization|25.039800001308322
sdk:automate:session-annotation|38.52
sdk:cli:o11ySync|40.40760000050068
sdk:driver:quit|46.86500000022352
sdk:automate:hub-management|2285.809200000018
sdk:driver:pre-initialization|2.2475000005215406
sdk:driver:get|3.362900000065565
sdk:setup|3975.553300000727
sdk:cli:on-bootstrap|0.1876000016927719
sdk:o11y:sync|44.9277999997139
sdk:driver:post-initialization|32.37930000014603
sdk:automate:session-annotation|42.01
sdk:cli:o11ySync|40.109199000522494
sdk:driver:quit|43.60039999894798
sdk:automate:hub-management|2312.186400000006
sdk:driver:pre-initialization|1.3467999994754791
sdk:driver:get|2.0305000003427267
sdk:setup|3981.9823000002652
sdk:cli:on-bootstrap|0.16530000045895576
sdk:o11y:sync|42.575699999928474
sdk:driver:post-initialization|22.485499998554587
sdk:automate:session-annotation|41.25
sdk:cli:o11ySync|38.74569999985397
sdk:driver:quit|42.27180000022054
sdk:automate:hub-management|2313.2238999996334
sdk:driver:pre-initialization|1.470499999821186
sdk:driver:get|2.036700000986457
sdk:setup|3982.3994999993593
sdk:cli:on-bootstrap|0.14749999903142452
sdk:o11y:sync|40.85209900140762
sdk:driver:post-initialization|25.734999999403954
sdk:automate:session-annotation|39.5
sdk:cli:o11ySync|31.77390000037849
sdk:driver:quit|34.88529999926686
sdk:automate:hub-management|2294.051200000569
sdk:driver:pre-initialization|1.5252000000327826
sdk:driver:get|2.2494000010192394
sdk:setup|3958.4846000000834
sdk:cli:on-bootstrap|0.2660000007599592
sdk:o11y:sync|33.93429999984801
sdk:driver:post-initialization|28.03429999947548
sdk:automate:session-annotation|32.53
